<?xml version="1.0" encoding="UTF-8"?>
<!DOCTYPE mapper
  PUBLIC "-//mybatis.org//DTD Mapper 3.0//EN"
  "http://mybatis.org/dtd/mybatis-3-mapper.dtd">
<mapper namespace="kr.human.camping.dao.ReservationDAO">
	<!-- 전체 개수 구하기 -->
	<select id="selectReservationCount" resultType="int">
		select count(*) from reservation
	</select>
	
	<!-- 예약 1개 보기 -->
	<select id="selectReservation" parameterType="int" resultType="reservationVO">
		 select * from reservation where roomidx=#{roomidx} 
	</select>
	
	<!-- 나의 예약목록 보기 -->
	<select id="selectMyReservation" parameterType="hashmap" resultType="reservationVO">
		select * from reservation where id = #{id} order by idx desc limit #{startNo}, #{pageSize}
	</select>
	
	<!-- 예약하기 -->
	<insert id="insertReservation" parameterType="reservationVO">
		insert into reservation values(id=#{id},roomidx=#{roomidx},email=#{email})
	</insert>
	
	<!-- 예약 취소하기 -->
	<delete id="deleteReservation" parameterType="int">
		delete from reservation where roomidx = #{roomidx}
	</delete>
	
	<!-- 1 페이지 구하기 -->
	<select id="selectReservationList" parameterType="hashmap" resultType="reservationVO">
		select * from reservation order by idx desc limit #{startNo}, #{pageSize}
	</select>
	
</mapper>