{"resources":{"src/main/resources/templates/OracleDB.sql":{"sql-editor-data-source-id":"oracle_thin-181fa3be3cd-6e57b475960c4230","default-datasource":"oracle_thin-181fa3be3cd-6e57b475960c4230","default-schema":"JSPUSER"},"src/main/webapp/OracleDB.sql":{"default-schema":"JSPUSER","sql-editor-data-source-id":"oracle_thin-1821496516a-51285224b41a9272","default-datasource":"oracle_thin-1821496516a-51285224b41a9272"},"src/main/webapp/WEB-INF/OracleDB.sql":{"default-schema":"JSPUSER","sql-editor-data-source-id":"oracle_thin-1821496516a-51285224b41a9272","default-datasource":"oracle_thin-1821496516a-51285224b41a9272"}}}